poly_id,asdf_id,mun,mun_id,dep,dep_id,dep_mun,shapeID
178,0,Esmeralda,40505,Oruro,5,Oruro-Esmeralda,BOL-ADM3-33444609B20338026
169,1,Quillacas,40202,Oruro,5,Oruro-Quillacas,BOL-ADM3-33444609B53994240
185,2,Pampa Aullagas,40802,Oruro,5,Oruro-Pampa Aullagas,BOL-ADM3-33444609B27878331
205,3,Llallagua,50203,Potosí,7,Potosí-Llallagua,BOL-ADM3-33444609B13957296
219,4,Caripuyo,50702,Potosí,7,Potosí-Caripuyo,BOL-ADM3-33444609B2060227
118,5,Aiquile,30201,Cochabamba,3,Cochabamba-Aiquile,BOL-ADM3-33444609B22499454
218,6,Villa de Sacaca,50701,Potosí,7,Potosí-Villa de Sacaca,BOL-ADM3-33444609B14646898
234,7,Acasio,51302,Potosí,7,Potosí-Acasio,BOL-ADM3-33444609B19396342
182,8,Huanuni,40701,Oruro,5,Oruro-Huanuni,BOL-ADM3-33444609B48998442
174,9,Huachacalla,40501,Oruro,5,Oruro-Huachacalla,BOL-ADM3-33444609B43353864
194,10,Huari,41401,Oruro,5,Oruro-Huari,BOL-ADM3-33444609B12212981
180,11,Pazña,40602,Oruro,5,Oruro-Pazña,BOL-ADM3-33444609B81698958
157,12,Villa Rivero,31402,Cochabamba,3,Cochabamba-Villa Rivero,BOL-ADM3-33444609B39428862
191,13,Santiago de Andamarca,41201,Oruro,5,Oruro-Santiago de Andamarca,BOL-ADM3-33444609B55151365
112,14,Chacarilla,21803,La Paz,4,La Paz-Chacarilla,BOL-ADM3-33444609B33779243
126,15,Arbieto,30403,Cochabamba,3,Cochabamba-Arbieto,BOL-ADM3-33444609B65270572
111,16,Papel Pampa,21802,La Paz,4,La Paz-Papel Pampa,BOL-ADM3-33444609B96301403
95,17,Umala,21302,La Paz,4,La Paz-Umala,BOL-ADM3-33444609B33786797
164,18,Oruro,40101,Oruro,5,Oruro-Oruro,BOL-ADM3-33444609B89522171
198,19,Huayllamarca,41601,Oruro,5,Oruro-Huayllamarca,BOL-ADM3-33444609B49437729
110,20,San Pedro Cuarahuara,21801,La Paz,4,La Paz-San Pedro Cuarahuara,BOL-ADM3-33444609B90350398
134,21,Sicaya,30703,Cochabamba,3,Cochabamba-Sicaya,BOL-ADM3-33444609B28043407
301,22,Puerto Quijarro,71402,Santa Cruz,8,Santa Cruz-Puerto Quijarro,BOL-ADM3-33444609B22047407
132,23,Capinota,30701,Cochabamba,3,Cochabamba-Capinota,BOL-ADM3-33444609B45253703
130,24,Arque,30601,Cochabamba,3,Cochabamba-Arque,BOL-ADM3-33444609B98674568
41,25,Coro Coro,20301,La Paz,4,La Paz-Coro Coro,BOL-ADM3-33444609B17270625
158,26,San Benito,31403,Cochabamba,3,Cochabamba-San Benito,BOL-ADM3-33444609B19104054
75,27,Sapahaqui,20902,La Paz,4,La Paz-Sapahaqui,BOL-ADM3-33444609B66518212
78,28,Cairoma,20905,La Paz,4,La Paz-Cairoma,BOL-ADM3-33444609B10766550
82,29,Colquiri,21004,La Paz,4,La Paz-Colquiri,BOL-ADM3-33444609B98493674
83,30,Ichoca,21005,La Paz,4,La Paz-Ichoca,BOL-ADM3-33444609B35095185
253,31,La Guardia,70104,Santa Cruz,8,Santa Cruz-La Guardia,BOL-ADM3-33444609B27516383
279,32,Moro Moro,70803,Santa Cruz,8,Santa Cruz-Moro Moro,BOL-ADM3-33444609B65462728
254,33,El Torno,70105,Santa Cruz,8,Santa Cruz-El Torno,BOL-ADM3-33444609B3283622
282,34,Samaipata,70901,Santa Cruz,8,Santa Cruz-Samaipata,BOL-ADM3-33444609B3665426
20,35,San Lucas,10702,Chuquisaca,2,Chuquisaca-San Lucas,BOL-ADM3-33444609B75362770
25,36,Culpina,10902,Chuquisaca,2,Chuquisaca-Culpina,BOL-ADM3-33444609B89526883
21,37,Incahuasi,10703,Chuquisaca,2,Chuquisaca-Incahuasi,BOL-ADM3-33444609B77799107
263,38,San Juan de Yapacaní,70404,Santa Cruz,8,Santa Cruz-San Juan de Yapacaní,BOL-ADM3-33444609B36544235
200,39,Tinguipaya,50102,Potosí,7,Potosí-Tinguipaya,BOL-ADM3-33444609B69045844
214,40,San Pedro de Buena Vista,50501,Potosí,7,Potosí-San Pedro de Buena Vista,BOL-ADM3-33444609B29777572
36,41,Ancoraimes,20202,La Paz,4,La Paz-Ancoraimes,BOL-ADM3-33444609B4195370
222,42,"Colcha ""K""",50901,Potosí,7,"Potosí-Colcha ""K""",BOL-ADM3-33444609B80268637
51,43,Puerto Carabuco,20403,La Paz,4,La Paz-Puerto Carabuco,BOL-ADM3-33444609B33602201
186,44,Sabaya,40901,Oruro,5,Oruro-Sabaya,BOL-ADM3-33444609B55181457
317,45,Loreto,80601,Beni,1,Beni-Loreto,BOL-ADM3-33444609B74955412
231,46,Tomave,51202,Potosí,7,Potosí-Tomave,BOL-ADM3-33444609B79735413
232,47,Porco,51203,Potosí,7,Potosí-Porco,BOL-ADM3-33444609B50648219
244,48,Villamontes,60303,Tarija,9,Tarija-Villamontes,BOL-ADM3-33444609B43551685
201,49,Yocalla,50103,Potosí,7,Potosí-Yocalla,BOL-ADM3-33444609B55738046
202,50,Urmiri,50104,Potosí,7,Potosí-Urmiri,BOL-ADM3-33444609B4133228
50,51,Mocomoco,20402,La Paz,4,La Paz-Mocomoco,BOL-ADM3-33444609B8281684
299,52,Saipina,71302,Santa Cruz,8,Santa Cruz-Saipina,BOL-ADM3-33444609B21235771
120,53,Omereque,30203,Cochabamba,3,Cochabamba-Omereque,BOL-ADM3-33444609B25995685
252,54,Porongo,70103,Santa Cruz,8,Santa Cruz-Porongo,BOL-ADM3-33444609B55124296
250,55,Santa Cruz de la Sierra,70101,Santa Cruz,8,Santa Cruz-Santa Cruz de la Sierra,BOL-ADM3-33444609B6878387
316,56,San Ignacio,80501,Beni,1,Beni-San Ignacio,BOL-ADM3-33444609B3318455
292,57,San Javier,71102,Santa Cruz,8,Santa Cruz-San Javier,BOL-ADM3-33444609B8905284
290,58,San Pedro,71005,Santa Cruz,8,Santa Cruz-San Pedro,BOL-ADM3-33444609B2142879
81,59,Cajuata,21003,La Paz,4,La Paz-Cajuata,BOL-ADM3-33444609B87038976
79,60,Inquisivi,21001,La Paz,4,La Paz-Inquisivi,BOL-ADM3-33444609B59519836
86,61,Irupana,21102,La Paz,4,La Paz-Irupana,BOL-ADM3-33444609B26067698
85,62,Chulumani,21101,La Paz,4,La Paz-Chulumani,BOL-ADM3-33444609B18902401
179,63,Poopó,40601,Oruro,5,Oruro-Poopó,BOL-ADM3-33444609B62162538
193,64,San Pedro de Totora,41301,Oruro,5,Oruro-San Pedro de Totora,BOL-ADM3-33444609B19359116
207,65,Betanzos,50301,Potosí,7,Potosí-Betanzos,BOL-ADM3-33444609B40503271
173,66,Turco,40402,Oruro,5,Oruro-Turco,BOL-ADM3-33444609B16444652
196,67,Todos Santos,41502,Oruro,5,Oruro-Todos Santos,BOL-ADM3-33444609B61346396
291,68,Concepción,71101,Santa Cruz,8,Santa Cruz-Concepción,BOL-ADM3-33444609B73204671
268,69,Santa Rosa del Sara,70602,Santa Cruz,8,Santa Cruz-Santa Rosa del Sara,BOL-ADM3-33444609B19125904
324,70,Huacaraje,80803,Beni,1,Beni-Huacaraje,BOL-ADM3-33444609B59987600
195,71,La Rivera,41501,Oruro,5,Oruro-La Rivera,BOL-ADM3-33444609B98058544
249,72,Entre Ríos,60601,Tarija,9,Tarija-Entre Ríos,BOL-ADM3-33444609B65603601
319,73,San Joaquín,80701,Beni,1,Beni-San Joaquín,BOL-ADM3-33444609B85871655
320,74,San Ramón,80702,Beni,1,Beni-San Ramón,BOL-ADM3-33444609B31629000
69,75,Tiahuanacu,20803,La Paz,4,La Paz-Tiahuanacu,BOL-ADM3-33444609B70300813
210,76,Colquechaca,50401,Potosí,7,Potosí-Colquechaca,BOL-ADM3-33444609B2169284
212,77,Pocoata,50403,Potosí,7,Potosí-Pocoata,BOL-ADM3-33444609B28265316
235,78,Llica,51401,Potosí,7,Potosí-Llica,BOL-ADM3-33444609B5007094
138,79,Quillacollo,30901,Cochabamba,3,Cochabamba-Quillacollo,BOL-ADM3-33444609B2586032
143,80,Sacaba,31001,Cochabamba,3,Cochabamba-Sacaba,BOL-ADM3-33444609B27378021
140,81,Tiquipaya,30903,Cochabamba,3,Cochabamba-Tiquipaya,BOL-ADM3-33444609B80439797
142,82,Colcapirhua,30905,Cochabamba,3,Cochabamba-Colcapirhua,BOL-ADM3-33444609B86021401
139,83,Sipe Sipe,30902,Cochabamba,3,Cochabamba-Sipe Sipe,BOL-ADM3-33444609B57513939
141,84,Vinto,30904,Cochabamba,3,Cochabamba-Vinto,BOL-ADM3-33444609B63544582
124,85,Tarata,30401,Cochabamba,3,Cochabamba-Tarata,BOL-ADM3-33444609B91378627
147,86,Totora,31201,Cochabamba,3,Cochabamba-Totora,BOL-ADM3-33444609B10790515
260,87,Buena Vista,70401,Santa Cruz,8,Santa Cruz-Buena Vista,BOL-ADM3-33444609B62366677
261,88,San Carlos,70402,Santa Cruz,8,Santa Cruz-San Carlos,BOL-ADM3-33444609B65201053
322,89,Magdalena,80801,Beni,1,Beni-Magdalena,BOL-ADM3-33444609B24515942
267,90,Portachuelo,70601,Santa Cruz,8,Santa Cruz-Portachuelo,BOL-ADM3-33444609B38843317
226,91,San Antonio de Esmoruco,51003,Potosí,7,Potosí-San Antonio de Esmoruco,BOL-ADM3-33444609B37744367
245,92,Uriondo,60401,Tarija,9,Tarija-Uriondo,BOL-ADM3-33444609B1106358
225,93,Mojinete,51002,Potosí,7,Potosí-Mojinete,BOL-ADM3-33444609B85745690
242,94,Yacuiba,60301,Tarija,9,Tarija-Yacuiba,BOL-ADM3-33444609B87243497
246,95,Yunchará,60402,Tarija,9,Tarija-Yunchará,BOL-ADM3-33444609B234644
243,96,Caraparí,60302,Tarija,9,Tarija-Caraparí,BOL-ADM3-33444609B75965900
247,97,Villa San Lorenzo,60501,Tarija,9,Tarija-Villa San Lorenzo,BOL-ADM3-33444609B88496650
305,98,El Puente,71503,Santa Cruz,8,Santa Cruz-El Puente,BOL-ADM3-33444609B59853279
215,99,Toro Toro,50502,Potosí,7,Potosí-Toro Toro,BOL-ADM3-33444609B34120572
238,100,San Agustín,51601,Potosí,7,Potosí-San Agustín,BOL-ADM3-33444609B63002823
239,101,Tarija,60101,Tarija,9,Tarija-Tarija,BOL-ADM3-33444609B48940768
236,102,Tahua,51402,Potosí,7,Potosí-Tahua,BOL-ADM3-33444609B83584775
224,103,San Pablo de Lípez,51001,Potosí,7,Potosí-San Pablo de Lípez,BOL-ADM3-33444609B12022744
26,104,Las Carreras,10903,Chuquisaca,2,Chuquisaca-Las Carreras,BOL-ADM3-33444609B6650687
24,105,Villa Abecia,10901,Chuquisaca,2,Chuquisaca-Villa Abecia,BOL-ADM3-33444609B72563416
122,106,Morochata,30302,Cochabamba,3,Cochabamba-Morochata,BOL-ADM3-33444609B32136747
197,107,Carangas,41503,Oruro,5,Oruro-Carangas,BOL-ADM3-33444609B11014199
177,108,Yunguyo de Litoral,40504,Oruro,5,Oruro-Yunguyo de Litoral,BOL-ADM3-33444609B29831186
176,109,Cruz de Machacamarca,40503,Oruro,5,Oruro-Cruz de Machacamarca,BOL-ADM3-33444609B64125054
181,110,Antequera,40603,Oruro,5,Oruro-Antequera,BOL-ADM3-33444609B44425060
47,111,Nazacara de Pacajes,20307,La Paz,4,La Paz-Nazacara de Pacajes,BOL-ADM3-33444609B30420791
42,112,Caquiaviri,20302,La Paz,4,La Paz-Caquiaviri,BOL-ADM3-33444609B25496031
192,113,Belén de Andamarca,41202,Oruro,5,Oruro-Belén de Andamarca,BOL-ADM3-33444609B78062899
170,114,Corque,40301,Oruro,5,Oruro-Corque,BOL-ADM3-33444609B19215102
217,115,Vitichi,50602,Potosí,7,Potosí-Vitichi,BOL-ADM3-33444609B29766009
74,116,Luribay,20901,La Paz,4,La Paz-Luribay,BOL-ADM3-33444609B50583695
183,117,Machacamarca,40702,Oruro,5,Oruro-Machacamarca,BOL-ADM3-33444609B61739549
233,118,Arampampa,51301,Potosí,7,Potosí-Arampampa,BOL-ADM3-33444609B79352083
127,119,Sacabamba,30404,Cochabamba,3,Cochabamba-Sacabamba,BOL-ADM3-33444609B67664908
125,120,Anzaldo,30402,Cochabamba,3,Cochabamba-Anzaldo,BOL-ADM3-33444609B24659770
136,121,Toko,30802,Cochabamba,3,Cochabamba-Toko,BOL-ADM3-33444609B17865743
160,122,Cuchumuela,31405,Cochabamba,3,Cochabamba-Cuchumuela,BOL-ADM3-33444609B84509711
159,123,Tacachi,31404,Cochabamba,3,Cochabamba-Tacachi,BOL-ADM3-33444609B63808862
135,124,Cliza,30801,Cochabamba,3,Cochabamba-Cliza,BOL-ADM3-33444609B45712919
131,125,Tacopaya,30602,Cochabamba,3,Cochabamba-Tacopaya,BOL-ADM3-33444609B71410216
166,126,El Choro,40103,Oruro,5,Oruro-El Choro,BOL-ADM3-33444609B34376575
189,127,Toledo,41001,Oruro,5,Oruro-Toledo,BOL-ADM3-33444609B90107878
133,128,Santivañez,30702,Cochabamba,3,Cochabamba-Santivañez,BOL-ADM3-33444609B16998103
167,129,Pari-Paria-Soracachi,40104,Oruro,5,Oruro-Pari-Paria-Soracachi,BOL-ADM3-33444609B37510264
100,130,Collana,21307,La Paz,4,La Paz-Collana,BOL-ADM3-33444609B66068349
137,131,Tolata,30803,Cochabamba,3,Cochabamba-Tolata,BOL-ADM3-33444609B94491619
325,132,Cobija,90101,Pando,6,Pando-Cobija,BOL-ADM3-33444609B30727604
190,133,Eucaliptus,41101,Oruro,5,Oruro-Eucaliptus,BOL-ADM3-33444609B21077453
48,134,Callapa,20308,La Paz,4,La Paz-Callapa,BOL-ADM3-33444609B28630051
117,135,Cochabamba,30101,Cochabamba,3,Cochabamba-Cochabamba,BOL-ADM3-33444609B41741681
165,136,Caracollo,40102,Oruro,5,Oruro-Caracollo,BOL-ADM3-33444609B22900187
114,137,Catacora,21902,La Paz,4,La Paz-Catacora,BOL-ADM3-33444609B21007182
76,138,Yaco,20903,La Paz,4,La Paz-Yaco,BOL-ADM3-33444609B25632649
43,139,Calacoto,20303,La Paz,4,La Paz-Calacoto,BOL-ADM3-33444609B93045845
128,140,Arani,30501,Cochabamba,3,Cochabamba-Arani,BOL-ADM3-33444609B26131324
156,141,Punata,31401,Cochabamba,3,Cochabamba-Punata,BOL-ADM3-33444609B3757470
94,142,Sica Sica,21301,La Paz,4,La Paz-Sica Sica,BOL-ADM3-33444609B21151286
98,143,Patacamaya,21305,La Paz,4,La Paz-Patacamaya,BOL-ADM3-33444609B32005482
99,144,Colquencha,21306,La Paz,4,La Paz-Colquencha,BOL-ADM3-33444609B19082627
113,145,Santiago de Machaca,21901,La Paz,4,La Paz-Santiago de Machaca,BOL-ADM3-33444609B96911206
334,146,El Sena,90303,Pando,6,Pando-El Sena,BOL-ADM3-33444609B58600296
333,147,San Lorenzo,90302,Pando,6,Pando-San Lorenzo,BOL-ADM3-33444609B26946399
335,148,Santa Rosa,90401,Pando,6,Pando-Santa Rosa,BOL-ADM3-33444609B90312020
77,149,Malla,20904,La Paz,4,La Paz-Malla,BOL-ADM3-33444609B20955158
44,150,Comanche,20304,La Paz,4,La Paz-Comanche,BOL-ADM3-33444609B91729130
97,151,Calamarca,21304,La Paz,4,La Paz-Calamarca,BOL-ADM3-33444609B41933053
67,152,Viacha,20801,La Paz,4,La Paz-Viacha,BOL-ADM3-33444609B85812802
84,153,Villa Libertad Licoma,21006,La Paz,4,La Paz-Villa Libertad Licoma,BOL-ADM3-33444609B79205479
80,154,Quime,21002,La Paz,4,La Paz-Quime,BOL-ADM3-33444609B66902866
40,155,Huatajata,20206,La Paz,4,La Paz-Huatajata,BOL-ADM3-33444609B98511044
91,156,Laja,21202,La Paz,4,La Paz-Laja,BOL-ADM3-33444609B79531063
32,157,Mecapaca,20103,La Paz,4,La Paz-Mecapaca,BOL-ADM3-33444609B83826918
31,158,Palca,20102,La Paz,4,La Paz-Palca,BOL-ADM3-33444609B56483619
33,159,Achocalla,20104,La Paz,4,La Paz-Achocalla,BOL-ADM3-33444609B1863080
34,160,El Alto,20105,La Paz,4,La Paz-El Alto,BOL-ADM3-33444609B30011805
87,161,Yanacachi,21103,La Paz,4,La Paz-Yanacachi,BOL-ADM3-33444609B40374901
146,162,Tapacarí,31101,Cochabamba,3,Cochabamba-Tapacarí,BOL-ADM3-33444609B99579203
70,163,Desaguadero,20804,La Paz,4,La Paz-Desaguadero,BOL-ADM3-33444609B26061868
72,164,Jesús de Machaca,20806,La Paz,4,La Paz-Jesús de Machaca,BOL-ADM3-33444609B81723104
68,165,Guaqui,20802,La Paz,4,La Paz-Guaqui,BOL-ADM3-33444609B3928389
109,166,Tito Yupanqui,21703,La Paz,4,La Paz-Tito Yupanqui,BOL-ADM3-33444609B83959891
90,167,Pucarani,21201,La Paz,4,La Paz-Pucarani,BOL-ADM3-33444609B86182822
61,168,Combaya,20605,La Paz,4,La Paz-Combaya,BOL-ADM3-33444609B86015105
101,169,Coroico,21401,La Paz,4,La Paz-Coroico,BOL-ADM3-33444609B70122176
102,170,Coripata,21402,La Paz,4,La Paz-Coripata,BOL-ADM3-33444609B52332460
60,171,Quiabaya,20604,La Paz,4,La Paz-Quiabaya,BOL-ADM3-33444609B75079070
56,172,Aucapata,20503,La Paz,4,La Paz-Aucapata,BOL-ADM3-33444609B51912538
96,173,Ayo Ayo,21303,La Paz,4,La Paz-Ayo Ayo,BOL-ADM3-33444609B77019342
4,174,Azurduy,10201,Chuquisaca,2,Chuquisaca-Azurduy,BOL-ADM3-33444609B52543177
62,175,Tipuani,20606,La Paz,4,La Paz-Tipuani,BOL-ADM3-33444609B93497004
30,176,La Paz,20101,La Paz,4,La Paz-La Paz,BOL-ADM3-33444609B95766629
57,177,Sorata,20601,La Paz,4,La Paz-Sorata,BOL-ADM3-33444609B93873258
89,178,La Asunta,21105,La Paz,4,La Paz-La Asunta,BOL-ADM3-33444609B25803532
54,179,Chuma,20501,La Paz,4,La Paz-Chuma,BOL-ADM3-33444609B88180595
58,180,Guanay,20602,La Paz,4,La Paz-Guanay,BOL-ADM3-33444609B33390960
64,181,Teoponte,20608,La Paz,4,La Paz-Teoponte,BOL-ADM3-33444609B45650655
63,182,Mapiri,20607,La Paz,4,La Paz-Mapiri,BOL-ADM3-33444609B90372031
105,183,Charazani,21601,La Paz,4,La Paz-Charazani,BOL-ADM3-33444609B50407902
228,184,"Caiza ""D""",51102,Potosí,7,"Potosí-Caiza ""D""",BOL-ADM3-33444609B73754741
107,185,Copacabana,21701,La Paz,4,La Paz-Copacabana,BOL-ADM3-33444609B22177467
5,186,Tarvita,10202,Chuquisaca,2,Chuquisaca-Tarvita,BOL-ADM3-33444609B65808761
208,187,Chaquí,50302,Potosí,7,Potosí-Chaquí,BOL-ADM3-33444609B42666607
227,188,Puna,51101,Potosí,7,Potosí-Puna,BOL-ADM3-33444609B15997979
229,189,Ckochas,51103,Potosí,7,Potosí-Ckochas,BOL-ADM3-33444609B30593293
14,190,El Villar,10405,Chuquisaca,2,Chuquisaca-El Villar,BOL-ADM3-33444609B60642341
28,191,Huacaya,11002,Chuquisaca,2,Chuquisaca-Huacaya,BOL-ADM3-33444609B90845226
59,192,Tacacoma,20603,La Paz,4,La Paz-Tacacoma,BOL-ADM3-33444609B27309972
16,193,Huacareta,10502,Chuquisaca,2,Chuquisaca-Huacareta,BOL-ADM3-33444609B13482689
15,194,Monteagudo,10501,Chuquisaca,2,Chuquisaca-Monteagudo,BOL-ADM3-33444609B9106763
199,195,Potosí,50101,Potosí,7,Potosí-Potosí,BOL-ADM3-33444609B51923126
108,196,San Pedro de Tiquina,21702,La Paz,4,La Paz-San Pedro de Tiquina,BOL-ADM3-33444609B67965715
270,197,Lagunillas,70701,Santa Cruz,8,Santa Cruz-Lagunillas,BOL-ADM3-33444609B6445025
13,198,Villa Alcalá,10404,Chuquisaca,2,Chuquisaca-Villa Alcalá,BOL-ADM3-33444609B92818499
12,199,Sopachuy,10403,Chuquisaca,2,Chuquisaca-Sopachuy,BOL-ADM3-33444609B9397800
9,200,Icla,10304,Chuquisaca,2,Chuquisaca-Icla,BOL-ADM3-33444609B74292684
2,201,Yotala,10102,Chuquisaca,2,Chuquisaca-Yotala,BOL-ADM3-33444609B38543160
18,202,Yamparáez,10602,Chuquisaca,2,Chuquisaca-Yamparáez,BOL-ADM3-33444609B32418048
11,203,Tomina,10402,Chuquisaca,2,Chuquisaca-Tomina,BOL-ADM3-33444609B38412786
213,204,Ocurí,50404,Potosí,7,Potosí-Ocurí,BOL-ADM3-33444609B72440734
17,205,Tarabuco,10601,Chuquisaca,2,Chuquisaca-Tarabuco,BOL-ADM3-33444609B73936756
6,206,Zudañez,10301,Chuquisaca,2,Chuquisaca-Zudañez,BOL-ADM3-33444609B5472183
106,207,Curva,21602,La Paz,4,La Paz-Curva,BOL-ADM3-33444609B88989469
66,208,Pelechuco,20702,La Paz,4,La Paz-Pelechuco,BOL-ADM3-33444609B30997278
88,209,Palos Blancos,21104,La Paz,4,La Paz-Palos Blancos,BOL-ADM3-33444609B83015549
65,210,Apolo,20701,La Paz,4,La Paz-Apolo,BOL-ADM3-33444609B25123274
313,211,Rurrenabaque,80304,Beni,1,Beni-Rurrenabaque,BOL-ADM3-33444609B4331330
104,212,San Buenaventura,21502,La Paz,4,La Paz-San Buenaventura,BOL-ADM3-33444609B85439426
314,213,Santa Ana de Yacuma,80401,Beni,1,Beni-Santa Ana de Yacuma,BOL-ADM3-33444609B23560373
311,214,San Borja,80302,Beni,1,Beni-San Borja,BOL-ADM3-33444609B36751060
310,215,Reyes,80301,Beni,1,Beni-Reyes,BOL-ADM3-33444609B13357475
332,216,Puerto Gonzalo Moreno,90301,Pando,6,Pando-Puerto Gonzalo Moreno,BOL-ADM3-33444609B85003487
321,217,Puerto Siles,80703,Beni,1,Beni-Puerto Siles,BOL-ADM3-33444609B80291858
315,218,Exaltación,80402,Beni,1,Beni-Exaltación,BOL-ADM3-33444609B10458910
308,219,Riberalta,80201,Beni,1,Beni-Riberalta,BOL-ADM3-33444609B93314585
326,220,Porvenir,90102,Pando,6,Pando-Porvenir,BOL-ADM3-33444609B95419155
328,221,Bella Flor,90104,Pando,6,Pando-Bella Flor,BOL-ADM3-33444609B83803279
330,222,San Pedro,90202,Pando,6,Pando-San Pedro,BOL-ADM3-33444609B11509981
329,223,Puerto Rico,90201,Pando,6,Pando-Puerto Rico,BOL-ADM3-33444609B55981723
312,224,Santa Rosa,80303,Beni,1,Beni-Santa Rosa,BOL-ADM3-33444609B45825141
336,225,Ingavi,90402,Pando,6,Pando-Ingavi,BOL-ADM3-33444609B53699713
309,226,Guayaramerín,80202,Beni,1,Beni-Guayaramerín,BOL-ADM3-33444609B93580112
338,227,Villa Nueva-Loma Alta,90502,Pando,6,Pando-Villa Nueva-Loma Alta,BOL-ADM3-33444609B33507653
339,228,Santos Mercado,90503,Pando,6,Pando-Santos Mercado,BOL-ADM3-33444609B15181859
337,229,Nueva Esperanza,90501,Pando,6,Pando-Nueva Esperanza,BOL-ADM3-33444609B91423379
39,230,Santiago de Huata,20205,La Paz,4,La Paz-Santiago de Huata,BOL-ADM3-33444609B41664570
93,231,Puerto Pérez,21204,La Paz,4,La Paz-Puerto Pérez,BOL-ADM3-33444609B7909722
206,232,Chuquihuta,50204,Potosí,7,Potosí-Chuquihuta,BOL-ADM3-33444609B27408509
327,233,Bolpebra,90103,Pando,6,Pando-Bolpebra,BOL-ADM3-33444609B21368266
331,234,Filadelfia,90203,Pando,6,Pando-Filadelfia,BOL-ADM3-33444609B21491486
116,235,Alto Beni,22002,La Paz,4,La Paz-Alto Beni,BOL-ADM3-33444609B19655093
115,236,Caranavi,22001,La Paz,4,La Paz-Caranavi,BOL-ADM3-33444609B96037932
38,237,Huarina,20204,La Paz,4,La Paz-Huarina,BOL-ADM3-33444609B8469227
161,238,Bolívar,31501,Cochabamba,3,Cochabamba-Bolívar,BOL-ADM3-33444609B76614989
37,239,Chua Cocani,20203,La Paz,4,La Paz-Chua Cocani,BOL-ADM3-33444609B43692068
52,240,Humanata,20404,La Paz,4,La Paz-Humanata,BOL-ADM3-33444609B78666461
27,241,Muyupampa,11001,Chuquisaca,2,Chuquisaca-Muyupampa,BOL-ADM3-33444609B92881157
92,242,Batallas,21203,La Paz,4,La Paz-Batallas,BOL-ADM3-33444609B42689736
10,243,Padilla,10401,Chuquisaca,2,Chuquisaca-Padilla,BOL-ADM3-33444609B75760336
8,244,Mojocoya,10303,Chuquisaca,2,Chuquisaca-Mojocoya,BOL-ADM3-33444609B69980236
281,245,Pucará,70805,Santa Cruz,8,Santa Cruz-Pucará,BOL-ADM3-33444609B51772236
23,246,Villa Serrano,10801,Chuquisaca,2,Chuquisaca-Villa Serrano,BOL-ADM3-33444609B69127220
29,247,Macharetí,11003,Chuquisaca,2,Chuquisaca-Macharetí,BOL-ADM3-33444609B12353677
276,248,Boyuibe,70707,Santa Cruz,8,Santa Cruz-Boyuibe,BOL-ADM3-33444609B47604355
273,249,Cuevo,70704,Santa Cruz,8,Santa Cruz-Cuevo,BOL-ADM3-33444609B96934473
275,250,Camiri,70706,Santa Cruz,8,Santa Cruz-Camiri,BOL-ADM3-33444609B99493244
123,251,Cocapata,30303,Cochabamba,3,Cochabamba-Cocapata,BOL-ADM3-33444609B83608870
277,252,Vallegrande,70801,Santa Cruz,8,Santa Cruz-Vallegrande,BOL-ADM3-33444609B53201147
274,253,Gutiérrez,70705,Santa Cruz,8,Santa Cruz-Gutiérrez,BOL-ADM3-33444609B32904525
1,254,Sucre,10101,Chuquisaca,2,Chuquisaca-Sucre,BOL-ADM3-33444609B61390228
7,255,Presto,10302,Chuquisaca,2,Chuquisaca-Presto,BOL-ADM3-33444609B90222474
280,256,Postrer Valle,70804,Santa Cruz,8,Santa Cruz-Postrer Valle,BOL-ADM3-33444609B25796587
278,257,Trigal,70802,Santa Cruz,8,Santa Cruz-Trigal,BOL-ADM3-33444609B52561385
285,258,Quirusillas,70904,Santa Cruz,8,Santa Cruz-Quirusillas,BOL-ADM3-33444609B67865308
272,259,Cabezas,70703,Santa Cruz,8,Santa Cruz-Cabezas,BOL-ADM3-33444609B3158247
251,260,Cotoca,70102,Santa Cruz,8,Santa Cruz-Cotoca,BOL-ADM3-33444609B36360155
262,261,Yapacaní,70403,Santa Cruz,8,Santa Cruz-Yapacaní,BOL-ADM3-33444609B82294182
296,262,Cuatro Cañadas,71106,Santa Cruz,8,Santa Cruz-Cuatro Cañadas,BOL-ADM3-33444609B81436946
293,263,San Ramón,71103,Santa Cruz,8,Santa Cruz-San Ramón,BOL-ADM3-33444609B34841445
307,264,San Javier,80102,Beni,1,Beni-San Javier,BOL-ADM3-33444609B57224915
258,265,San Miguel de Velasco,70302,Santa Cruz,8,Santa Cruz-San Miguel de Velasco,BOL-ADM3-33444609B78704867
145,266,Villa Tunari,31003,Cochabamba,3,Cochabamba-Villa Tunari,BOL-ADM3-33444609B25395901
150,267,Chimoré,31204,Cochabamba,3,Cochabamba-Chimoré,BOL-ADM3-33444609B24552917
162,268,Tiraque,31601,Cochabamba,3,Cochabamba-Tiraque,BOL-ADM3-33444609B18430420
163,269,Shinahota,31602,Cochabamba,3,Cochabamba-Shinahota,BOL-ADM3-33444609B95602913
286,270,Montero,71001,Santa Cruz,8,Santa Cruz-Montero,BOL-ADM3-33444609B71154134
303,271,Ascensión de Guarayos,71501,Santa Cruz,8,Santa Cruz-Ascensión de Guarayos,BOL-ADM3-33444609B46709169
318,272,San Andrés,80602,Beni,1,Beni-San Andrés,BOL-ADM3-33444609B55665100
129,273,Vacas,30502,Cochabamba,3,Cochabamba-Vacas,BOL-ADM3-33444609B36270672
149,274,Pocona,31203,Cochabamba,3,Cochabamba-Pocona,BOL-ADM3-33444609B99795676
256,275,Okinawa Uno,70202,Santa Cruz,8,Santa Cruz-Okinawa Uno,BOL-ADM3-33444609B439401
255,276,Warnes,70201,Santa Cruz,8,Santa Cruz-Warnes,BOL-ADM3-33444609B11056664
287,277,Gral. Saavedra,71002,Santa Cruz,8,Santa Cruz-Gral. Saavedra,BOL-ADM3-33444609B54301679
265,278,Pailón,70502,Santa Cruz,8,Santa Cruz-Pailón,BOL-ADM3-33444609B10251116
289,279,Fernández Alonso,71004,Santa Cruz,8,Santa Cruz-Fernández Alonso,BOL-ADM3-33444609B49773042
288,280,Mineros,71003,Santa Cruz,8,Santa Cruz-Mineros,BOL-ADM3-33444609B82751741
283,281,Pampa Grande,70902,Santa Cruz,8,Santa Cruz-Pampa Grande,BOL-ADM3-33444609B58335505
284,282,Mairana,70903,Santa Cruz,8,Santa Cruz-Mairana,BOL-ADM3-33444609B78053551
151,283,Puerto Villarroel,31205,Cochabamba,3,Cochabamba-Puerto Villarroel,BOL-ADM3-33444609B66013257
269,284,Colpa Belgica,70603,Santa Cruz,8,Santa Cruz-Colpa Belgica,BOL-ADM3-33444609B84075203
300,285,Puerto Suárez,71401,Santa Cruz,8,Santa Cruz-Puerto Suárez,BOL-ADM3-33444609B58337466
302,286,Carmen Rivero Tórrez,71403,Santa Cruz,8,Santa Cruz-Carmen Rivero Tórrez,BOL-ADM3-33444609B52930702
266,287,Roboré,70503,Santa Cruz,8,Santa Cruz-Roboré,BOL-ADM3-33444609B32568642
297,288,San Matías,71201,Santa Cruz,8,Santa Cruz-San Matías,BOL-ADM3-33444609B83253902
271,289,Charagua,70702,Santa Cruz,8,Santa Cruz-Charagua,BOL-ADM3-33444609B85273692
264,290,San José de Chiquitos,70501,Santa Cruz,8,Santa Cruz-San José de Chiquitos,BOL-ADM3-33444609B21156081
259,291,San Rafael,70303,Santa Cruz,8,Santa Cruz-San Rafael,BOL-ADM3-33444609B61104849
121,292,Independencia,30301,Cochabamba,3,Cochabamba-Independencia,BOL-ADM3-33444609B74694029
257,293,San Ignacio de Velasco,70301,Santa Cruz,8,Santa Cruz-San Ignacio de Velasco,BOL-ADM3-33444609B38230040
304,294,Urubichá,71502,Santa Cruz,8,Santa Cruz-Urubichá,BOL-ADM3-33444609B93004293
323,295,Baures,80802,Beni,1,Beni-Baures,BOL-ADM3-33444609B21187437
306,296,Trinidad,80101,Beni,1,Beni-Trinidad,BOL-ADM3-33444609B59063344
295,297,San Antonio de Lomerío,71105,Santa Cruz,8,Santa Cruz-San Antonio de Lomerío,BOL-ADM3-33444609B54102559
148,298,Pojo,31202,Cochabamba,3,Cochabamba-Pojo,BOL-ADM3-33444609B66575543
152,299,Entre Ríos,31206,Cochabamba,3,Cochabamba-Entre Ríos,BOL-ADM3-33444609B6351519
3,300,Poroma,10103,Chuquisaca,2,Chuquisaca-Poroma,BOL-ADM3-33444609B40832379
144,301,Colomi,31002,Cochabamba,3,Cochabamba-Colomi,BOL-ADM3-33444609B77419578
155,302,Alalay,31303,Cochabamba,3,Cochabamba-Alalay,BOL-ADM3-33444609B47454413
154,303,Vila Vila,31302,Cochabamba,3,Cochabamba-Vila Vila,BOL-ADM3-33444609B95117685
103,304,Ixiamas,21501,La Paz,4,La Paz-Ixiamas,BOL-ADM3-33444609B5346742
55,305,Ayata,20502,La Paz,4,La Paz-Ayata,BOL-ADM3-33444609B73132405
230,306,Uyuni,51201,Potosí,7,Potosí-Uyuni,BOL-ADM3-33444609B71435776
46,307,Waldo Ballivián,20306,La Paz,4,La Paz-Waldo Ballivián,BOL-ADM3-33444609B66511934
172,308,Curahuara de Carangas,40401,Oruro,5,Oruro-Curahuara de Carangas,BOL-ADM3-33444609B68137279
171,309,Choque Cota,40302,Oruro,5,Oruro-Choque Cota,BOL-ADM3-33444609B36186520
175,310,Escara,40502,Oruro,5,Oruro-Escara,BOL-ADM3-33444609B87640342
187,311,Coipasa,40902,Oruro,5,Oruro-Coipasa,BOL-ADM3-33444609B79549253
188,312,Chipaya,40903,Oruro,5,Oruro-Chipaya,BOL-ADM3-33444609B48403080
204,313,Chayanta,50202,Potosí,7,Potosí-Chayanta,BOL-ADM3-33444609B66088023
184,314,Salinas de Garci Mendoza,40801,Oruro,5,Oruro-Salinas de Garci Mendoza,BOL-ADM3-33444609B60563542
220,315,Tupiza,50801,Potosí,7,Potosí-Tupiza,BOL-ADM3-33444609B90206942
221,316,Atocha,50802,Potosí,7,Potosí-Atocha,BOL-ADM3-33444609B106993
223,317,San Pedro de Quemes,50902,Potosí,7,Potosí-San Pedro de Quemes,BOL-ADM3-33444609B51545061
294,318,San Julián,71104,Santa Cruz,8,Santa Cruz-San Julián,BOL-ADM3-33444609B42696709
248,319,El Puente,60502,Tarija,9,Tarija-El Puente,BOL-ADM3-33444609B68632045
298,320,Comarapa,71301,Santa Cruz,8,Santa Cruz-Comarapa,BOL-ADM3-33444609B10638383
241,321,Bermejo,60202,Tarija,9,Tarija-Bermejo,BOL-ADM3-33444609B8717747
22,322,Villa Charcas,10704,Chuquisaca,2,Chuquisaca-Villa Charcas,BOL-ADM3-33444609B53463626
49,323,Puerto Acosta,20401,La Paz,4,La Paz-Puerto Acosta,BOL-ADM3-33444609B82635532
53,324,Escoma,20405,La Paz,4,La Paz-Escoma,BOL-ADM3-33444609B17656422
45,325,Charaña,20305,La Paz,4,La Paz-Charaña,BOL-ADM3-33444609B71044330
35,326,Achacachi,20201,La Paz,4,La Paz-Achacachi,BOL-ADM3-33444609B93991773
73,327,Taraco,20807,La Paz,4,La Paz-Taraco,BOL-ADM3-33444609B13753118
71,328,San Andrés de Machaca,20805,La Paz,4,La Paz-San Andrés de Machaca,BOL-ADM3-33444609B75690871
209,329,Tacobamba,50303,Potosí,7,Potosí-Tacobamba,BOL-ADM3-33444609B31051948
168,330,Challapata,40201,Oruro,5,Oruro-Challapata,BOL-ADM3-33444609B24985970
203,331,Uncía,50201,Potosí,7,Potosí-Uncía,BOL-ADM3-33444609B93024851
211,332,Ravelo,50402,Potosí,7,Potosí-Ravelo,BOL-ADM3-33444609B54083051
153,333,Mizque,31301,Cochabamba,3,Cochabamba-Mizque,BOL-ADM3-33444609B27870252
119,334,Pasorapa,30202,Cochabamba,3,Cochabamba-Pasorapa,BOL-ADM3-33444609B5020991
216,335,Cotagaita,50601,Potosí,7,Potosí-Cotagaita,BOL-ADM3-33444609B93401902
19,336,Camargo,10701,Chuquisaca,2,Chuquisaca-Camargo,BOL-ADM3-33444609B61161865
237,337,Villazón,51501,Potosí,7,Potosí-Villazón,BOL-ADM3-33444609B2211567
240,338,Padcaya,60201,Tarija,9,Tarija-Padcaya,BOL-ADM3-33444609B28920794
